{"cameraMode":{"drawMode":0,"name":"Shaded","section":"Shading Mode"},"sceneLighting":false,"audioPlay":false,"sceneViewState":{"showFog":false,"showMaterialUpdate":false,"showSkybox":false,"showFlares":false,"showImageEffects":false,"showParticleSystems":false},"in2DMode":false,"pivot":{"x":-1.407780408859253,"y":1.544970154762268,"z":3.8102917671203615},"rotation":{"x":0.003371871542185545,"y":0.9959256649017334,"z":-0.04216292127966881,"w":0.0796433836221695},"size":3.437182903289795,"orthographic":false}